title,relation,predicate,str
http://dbpedia.org/resource/%21%21%21,direct,dbo:wikiPageRedirects,http://dbpedia.org/resource/!!!
http://dbpedia.org/resource/%21%21%21,direct,dbo:wikiPageWikiLink,http://dbpedia.org/resource/!!!
http://dbpedia.org/resource/%21%21%21,direct,owl:sameAs,http://ru.dbpedia.org/resource/!!!
http://dbpedia.org/resource/%21%21%21,direct,dbo:abstract,"!!! (qui se prononce tchik tchik tchik ou, à la convenance, toute autre syllabe répétée trois fois) est un groupe de rock indépendant américain, originaire de Sacramento, en Californie. Il est formé pendant l'été 1995 de la fusion d'une partie des groupes Black Liquorice et Popesmashers. Ce nom à but anticonformiste a l'inconvénient d'être, selon Spin Magazine, « le plus dur des noms de groupe pour Google ». Leur label a tenté de leur faire adopter chk chk chk pour améliorer leur présence sur internet. En effet, la recherche Google !!! ne renvoie aucun résultat. (@fr)"
http://dbpedia.org/resource/%21%21%21,direct,dbo:abstract,"!!! es un grupo de música Dance punk estadounidense formado en 1996. Aunque la mayoría de sus miembros vivían originalmente en Sacramento, California hoy en día tiene como base de operaciones la ciudad de Nueva York. El grupo está compuesto por (guitarras), (trompeta, percusión y teclado), (voces), (guitarras y dispositivos electrónicos), (batería y voces), (bajo y efectos) y (trompeta, percusión y teclado). (@es)"
http://dbpedia.org/resource/%21%21%21,direct,owl:sameAs,http://rdf.freebase.com/ns/m.02v7jt
http://dbpedia.org/resource/%21%21%21,direct,dbo:hometown,"http://dbpedia.org/resource/Sacramento,_California"
http://dbpedia.org/resource/%21%21%21,direct,dbp:associatedActs,http://dbpedia.org/resource/!!!
http://dbpedia.org/resource/%21%21%21,direct,dbo:wikiPageWikiLink,http://dbpedia.org/resource/!!!
http://dbpedia.org/resource/%21%21%21,direct,dbo:wikiPageWikiLink,http://dbpedia.org/resource/!!!
http://dbpedia.org/resource/%21%21%21,direct,dbo:abstract,"!!! (произносится chk chk chk, что теоретически имитирует щёлкающие согласные) — американская группа, созданная осенью 1996 года после совместного тура членов местных групп The Yah Mos, Black Liquorice и Popesmashers. Название группы было вдохновлено субтитрами фильма «Наверное, боги сошли с ума», в котором щёлкающие звуки языка бушменов представлялись как «!». (@ru)"
http://dbpedia.org/resource/%21%21%21,direct,dbo:wikiPageExternalLink,http://nl.newsbank.com/nl-search/we/Archives%3Fp_product=SB&p_theme=sb&p_action=search&p_maxdocs=200&p_topdoc=1&p_text_direct-0=10E9E4D5950028E0&p_field_direct-0=document_id&p_perpage=10&p_sort=YMD_date:D&s_trackval=GooglePM
http://dbpedia.org/resource/%21%21%21,direct,dbo:wikiPageWikiLink,http://dbpedia.org/resource/Category:Dance-punk_musical_groups
http://dbpedia.org/resource/%21%21%21,direct,dbo:alias,Chk Chk Chk (@en)
http://dbpedia.org/resource/%21%21%21,direct,dbo:wikiPageWikiLink,http://dbpedia.org/resource/!!!
http://dbpedia.org/resource/%21%21%21,direct,owl:sameAs,http://no.dbpedia.org/resource/!!!
http://dbpedia.org/resource/%21%21%21,direct,dbo:background,group_or_band
http://dbpedia.org/resource/%21%21%21,direct,dbo:wikiPageWikiLink,http://dbpedia.org/resource/Louden_Up_Now
http://dbpedia.org/resource/%21%21%21,direct,owl:sameAs,http://et.dbpedia.org/resource/!!!
http://dbpedia.org/resource/%21%21%21,direct,dbp:label, (@en)
http://dbpedia.org/resource/%21%21%21,direct,foaf:isPrimaryTopicOf,http://en.wikipedia.org/wiki/!!!
http://dbpedia.org/resource/%21%21%21,direct,rdfs:label,!!! (@nl)
http://dbpedia.org/resource/%21%21%21,direct,dbo:wikiPageWikiLink,http://dbpedia.org/resource/!!!
http://dbpedia.org/resource/%21%21%21,direct,dbo:associatedBand,http://dbpedia.org/resource/!!!
http://dbpedia.org/resource/%21%21%21,direct,rdf:type,http://umbel.org/umbel/rc/Band_MusicGroup
http://dbpedia.org/resource/%21%21%21,direct,dbp:wikiPageUsesTemplate,http://dbpedia.org/resource/Template:Authority_control
http://dbpedia.org/resource/%21%21%21,direct,dbp:artist,http://dbpedia.org/resource/!!!
http://dbpedia.org/resource/%21%21%21,direct,dbo:wikiPageWikiLink,http://dbpedia.org/resource/!!!
http://dbpedia.org/resource/%21%21%21,direct,dbp:pastMembers,Tyler Pope (@en)
http://dbpedia.org/resource/%21%21%21,direct,dbo:wikiPageWikiLink,http://dbpedia.org/resource/!!!
http://dbpedia.org/resource/%21%21%21,direct,dbo:wikiPageWikiLink,http://dbpedia.org/resource/!!!
http://dbpedia.org/resource/%21%21%21,direct,dbo:wikiPageWikiLink,http://dbpedia.org/resource/!!!
http://dbpedia.org/resource/%21%21%21,direct,dbo:wikiPageWikiLink,http://dbpedia.org/resource/!!!
http://dbpedia.org/resource/%21%21%21,direct,dbo:wikiPageWikiLink,http://dbpedia.org/resource/!!!
http://dbpedia.org/resource/%21%21%21,direct,dbo:wikiPageWikiLink,http://dbpedia.org/resource/!!!
http://dbpedia.org/resource/%21%21%21,direct,dbp:spinoffOf, (@en)
http://dbpedia.org/resource/%21%21%21,direct,dbo:wikiPageWikiLink,http://dbpedia.org/resource/!!!
http://dbpedia.org/resource/%21%21%21,direct,rdf:type,http://www.wikidata.org/entity/Q24229398
http://dbpedia.org/resource/%21%21%21,direct,dbo:wikiPageWikiLink,http://dbpedia.org/resource/!!!
http://dbpedia.org/resource/%21%21%21,direct,rdf:type,http://dbpedia.org/class/yago/SocialGroup107950920
http://dbpedia.org/resource/%21%21%21,direct,rdf:type,http://dbpedia.org/ontology/Organisation
http://dbpedia.org/resource/%21%21%21,direct,dbo:wikiPageWikiLink,http://dbpedia.org/resource/!!!
http://dbpedia.org/resource/%21%21%21,direct,dbp:pastMembers, (@en)
http://dbpedia.org/resource/%21%21%21,direct,rdf:type,http://dbpedia.org/class/yago/YagoPermanentlyLocatedEntity
http://dbpedia.org/resource/%21%21%21,direct,http://purl.org/dc/terms/subject,"http://dbpedia.org/resource/Category:Musical_groups_from_Sacramento,_California"
http://dbpedia.org/resource/%21%21%21,direct,dbo:wikiPageWikiLink,http://dbpedia.org/resource/Flow_Festival
http://dbpedia.org/resource/%21%21%21,direct,foaf:homepage,http://lescharts.com
http://dbpedia.org/resource/%21%21%21,direct,dbo:associatedBand,http://dbpedia.org/resource/!!!
http://dbpedia.org/resource/%21%21%21,direct,dbo:wikiPageWikiLink,http://dbpedia.org/resource/!!!
http://dbpedia.org/resource/%21%21%21,direct,dbo:wikiPageWikiLink,http://dbpedia.org/resource/Nate_Dogg
http://dbpedia.org/resource/%21%21%21,direct,dbo:abstract,"( 이 문서는 미국의 댄스 펑크 밴드에 관한 것입니다. 강조를 나타내는 문장 부호에 대해서는 ! 문서를 참고하십시오.)( 음반에 대해서는 !!! (음반) 문서를 참고하십시오.)
!!!(칙칙칙/ˈtʃɪk ˈtʃɪk ˈtʃɪk/으로 읽음)은 1996년 결성된 미국의 댄스 펑크 밴드이다. ""Me and Giuliani Down by the Schoolyard (a true story)""나 ""Must Be the Moon""로 알려졌다. 새크라멘토 출신이지만 지금은 뉴욕, 새크라멘토, 포틀랜드에 기반을 두고 있다. !!!은 마리오 안드레오니(기타), 댄 고먼(관악/타악/건반), 닉 오퍼(보컬), 타일러 포프(베이스/일렉트로닉), 앨런 윌슨(관악/타악/건반) 등의 멤버로 구성된다. 투어 구성원으로는 섀넌 펀치스(보컬)과 폴 쿼트론(드럼)이 있다. 예전에는 아웃 허드(Out Hud)와 타일러 포프와도 협연하였으나 지금 아웃 허드는 해체된 상황이다. 또 옛 구성원으로 보컬과 드럼을 맡았던 존 퍼가 있었지만 2007년 7월 새 밴드인 프리 블러드에 집중하겠다는 이유로 밴드에서 탈퇴하였다. (@ko)"
http://dbpedia.org/resource/%21%21%21,direct,http://purl.org/dc/terms/subject,http://dbpedia.org/resource/Category:Musical_groups_established_in_1996
http://dbpedia.org/resource/%21%21%21,direct,dbo:wikiPageWikiLink,http://dbpedia.org/resource/!!!
http://dbpedia.org/resource/%21%21%21,direct,dbp:wikiPageUsesTemplate,http://dbpedia.org/resource/Template:Cite_news
http://dbpedia.org/resource/%21%21%21,direct,dbo:wikiPageWikiLink,http://dbpedia.org/resource/!!!
http://dbpedia.org/resource/%21%21%21,direct,rdfs:comment,!!! (Chk Chk Chk) – amerykański zespół indie rockowy założony w Sacramento w 1996 roku. Przy wymawianiu nazwy zespołu w miejscu trzech wykrzykników powinno się trzykrotnie wymówić dowolny jednozgłoskowy dźwięk. (@pl)
http://dbpedia.org/resource/%21%21%21,direct,dbo:associatedMusicalArtist,http://dbpedia.org/resource/!!!
http://dbpedia.org/resource/%21%21%21,direct,dbp:caption,!!! performing at the Flow Festival in 2007 (@en)
http://dbpedia.org/resource/%21%21%21,direct,dbp:pastMembers,Mikel Gius (@en)
http://dbpedia.org/resource/%21%21%21,direct,dbo:wikiPageWikiLink,http://dbpedia.org/resource/!!!
http://dbpedia.org/resource/%21%21%21,direct,dbo:wikiPageWikiLink,http://dbpedia.org/resource/!!!
http://dbpedia.org/resource/%21%21%21,direct,dbo:wikiPageRedirects,http://dbpedia.org/resource/!!!
http://dbpedia.org/resource/%21%21%21,direct,dbo:wikiPageWikiLink,http://dbpedia.org/resource/!!!
http://dbpedia.org/resource/%21%21%21,direct,dbo:wikiPageWikiLink,http://dbpedia.org/resource/Nic_Offer
http://dbpedia.org/resource/%21%21%21,direct,dbo:wikiPageRedirects,http://dbpedia.org/resource/!!!
http://dbpedia.org/resource/%21%21%21,direct,dbo:wikiPageWikiLink,http://dbpedia.org/resource/!!!
http://dbpedia.org/resource/%21%21%21,direct,http://purl.org/linguistics/gold/hypernym,http://dbpedia.org/resource/Band
http://dbpedia.org/resource/%21%21%21,direct,dbo:wikiPageWikiLink,http://dbpedia.org/resource/!!!
http://dbpedia.org/resource/%21%21%21,direct,dbo:genre,http://dbpedia.org/resource/Indietronica
http://dbpedia.org/resource/%21%21%21,direct,http://purl.org/dc/terms/subject,http://dbpedia.org/resource/Category:Touch_and_Go_Records_artists
http://dbpedia.org/resource/%21%21%21,direct,owl:sameAs,http://eo.dbpedia.org/resource/!!!
http://dbpedia.org/resource/%21%21%21,direct,dbo:associatedBand,http://dbpedia.org/resource/!!!
http://dbpedia.org/resource/%21%21%21,direct,dbo:wikiPageRedirects,http://dbpedia.org/resource/!!!
http://dbpedia.org/resource/%21%21%21,direct,dbo:wikiPageWikiLink,http://dbpedia.org/resource/Thr!!!er
http://dbpedia.org/resource/%21%21%21,direct,dbo:wikiPageWikiLink,http://dbpedia.org/resource/Cake_(band)
http://dbpedia.org/resource/%21%21%21,direct,owl:sameAs,http://eu.dbpedia.org/resource/!!!
http://dbpedia.org/resource/%21%21%21,direct,dbo:wikiPageWikiLink,http://dbpedia.org/resource/!!!
http://dbpedia.org/resource/%21%21%21,direct,dbo:wikiPageWikiLink,http://dbpedia.org/resource/Dance/Electronic_Albums
http://dbpedia.org/resource/%21%21%21,direct,dbo:wikiPageWikiLink,http://dbpedia.org/resource/!!!
http://dbpedia.org/resource/%21%21%21,direct,dbo:wikiPageWikiLink,"http://dbpedia.org/resource/Category:Musical_groups_from_Sacramento,_California"
http://dbpedia.org/resource/%21%21%21,direct,rdfs:comment,"!!! (uttalas ibland Chk chk chk) är ett amerikanskt indierockband bildat 1996. Bandet är ifrån Sacramento, Kalifornien, USA. (@sv)"
http://dbpedia.org/resource/%21%21%21,direct,dbo:wikiPageWikiLink,http://dbpedia.org/resource/!!!
http://dbpedia.org/resource/%21%21%21,direct,rdf:type,http://dbpedia.org/class/yago/WikicatMusicalGroupsFromNewYorkCity
http://dbpedia.org/resource/%21%21%21,direct,dbo:wikiPageRedirects,http://dbpedia.org/resource/!!!
http://dbpedia.org/resource/%21%21%21,direct,rdf:type,http://dbpedia.org/ontology/Agent
http://dbpedia.org/resource/%21%21%21,direct,dbo:wikiPageWikiLink,http://dbpedia.org/resource/!!!
http://dbpedia.org/resource/%21%21%21,direct,dbo:wikiPageWikiLink,http://dbpedia.org/resource/!!!
http://dbpedia.org/resource/%21%21%21,direct,dbp:wikiPageUsesTemplate,http://dbpedia.org/resource/Template:URL
http://dbpedia.org/resource/%21%21%21,direct,rdf:type,http://dbpedia.org/class/yago/DanceBand108249960
http://dbpedia.org/resource/%21%21%21,direct,dbp:alias,Chk Chk Chk (@en)
http://dbpedia.org/resource/%21%21%21,direct,dbo:wikiPageWikiLink,http://dbpedia.org/resource/!!!
http://dbpedia.org/resource/%21%21%21,direct,rdfs:label,!!! (@es)
http://dbpedia.org/resource/%21%21%21,direct,dbo:wikiPageWikiLink,http://dbpedia.org/resource/File:Coachella2004_ChkChkChk.jpg
http://dbpedia.org/resource/%21%21%21,direct,dbp:currentMembers, (@en)
http://dbpedia.org/resource/%21%21%21,direct,dbp:wordnet_type,http://www.w3.org/2006/03/wn/wn20/instances/synset-musician-noun-1
http://dbpedia.org/resource/%21%21%21,direct,dbo:artist,http://dbpedia.org/resource/!!!
http://dbpedia.org/resource/%21%21%21,direct,dbp:url,https://web.archive.org/web/20190807185821/https:/www.paradigmagency.com/music/chk-chk-chk/
http://dbpedia.org/resource/%21%21%21,direct,dbo:wikiPageWikiLink,http://dbpedia.org/resource/!!!
http://dbpedia.org/resource/%21%21%21,direct,dbo:wikiPageWikiLink,http://dbpedia.org/resource/Category:Musical_groups_established_in_1996
http://dbpedia.org/resource/%21%21%21,direct,rdfs:label,!!! (@de)
http://dbpedia.org/resource/%21%21%21,direct,http://purl.org/dc/terms/subject,http://dbpedia.org/resource/Category:1996_establishments_in_California
http://dbpedia.org/resource/%21%21%21,direct,dbo:wikiPageWikiLink,http://dbpedia.org/resource/!!!
http://dbpedia.org/resource/%21%21%21,direct,owl:sameAs,http://gl.dbpedia.org/resource/!!!
http://dbpedia.org/resource/%21%21%21,direct,dbo:wikiPageWikiLink,http://dbpedia.org/resource/!!!
http://dbpedia.org/resource/%21%21%21,direct,rdf:type,http://www.wikidata.org/entity/Q215380
http://dbpedia.org/resource/%21%21%21,direct,dbo:wikiPageWikiLink,http://dbpedia.org/resource/!!!
http://dbpedia.org/resource/%21%21%21,direct,http://purl.org/dc/terms/subject,http://dbpedia.org/resource/Category:Indie_rock_musical_groups_from_California
http://dbpedia.org/resource/%21%21%21,direct,dbo:abstract,"!!! (/tʃ(ɪ)k.tʃ(ɪ)k.tʃ(ɪ)k/ ch(i)k-ch(i)k-ch(i)k), also known as Chk Chk Chk, is an American rock band from Sacramento, California, formed in 1996 by lead singer Nic Offer. Members of !!! came from other local bands such as the Yah Mos, Black Liquorice and Pope Smashers. They are currently based in New York City. The band's ninth album, Let It Be Blue, was released in May 2022. (@en)"
http://dbpedia.org/resource/%21%21%21,direct,dbo:wikiPageRedirects,http://dbpedia.org/resource/!!!
http://dbpedia.org/resource/%21%21%21,direct,dbp:artist,http://dbpedia.org/resource/!!!
http://dbpedia.org/resource/%21%21%21,direct,dbo:abstract,"!!! (вимовляється chk chk chk, чк-чк-чк, що теоретично імітує ) — американська музична група, створена восени 1996 року після спільного туру членів місцевих груп «The Yah Mos», «Black Liquorice» і «Popesmashers». Назву для групи надихнули субтитри фільму «Напевно, боги здуріли», у якім звуки, що клацають, мови бушменів представлялися як «!». (@uk)"
http://dbpedia.org/resource/%21%21%21,direct,dbo:wikiPageWikiLink,http://dbpedia.org/resource/!!!
http://dbpedia.org/resource/%21%21%21,direct,dbo:wikiPageWikiLink,http://dbpedia.org/resource/The_Magnetic_Fields
http://dbpedia.org/resource/%21%21%21,direct,dbo:wikiPageWikiLink,http://dbpedia.org/resource/Category:Touch_and_Go_Records_artists
http://dbpedia.org/resource/%21%21%21,direct,dbo:wikiPageRedirects,http://dbpedia.org/resource/!!!
http://dbpedia.org/resource/%21%21%21,direct,dbo:abstract,"!!! (txik-txik-txik ahoskatua) estatubatuar dance-punk musika-talde bat da. 1996an sortu zuen abeslariak Sacramenton, Kalifornia. !!! taldeko kideek leheago , eta taldeetatik zetozen. Gaur egun New Yorken bizi dira. Euren azken diska Wallop da, zortzigarrena, 2019ko abuztuan kaleratua. (@eu)"
http://dbpedia.org/resource/%21%21%21,direct,owl:sameAs,https://global.dbpedia.org/id/3RQ5Z
http://dbpedia.org/resource/%21%21%21,direct,dbo:associatedMusicalArtist,http://dbpedia.org/resource/!!!
http://dbpedia.org/resource/%21%21%21,direct,foaf:depiction,http://commons.wikimedia.org/wiki/Special:FilePath/Chkchkchk.jpg
http://dbpedia.org/resource/%21%21%21,direct,prov:wasDerivedFrom,http://en.wikipedia.org/wiki/!!!?oldid=1111312055&ns=0
http://dbpedia.org/resource/%21%21%21,direct,dbo:wikiPageWikiLink,http://dbpedia.org/resource/!!!
http://dbpedia.org/resource/%21%21%21,direct,dbo:wikiPageWikiLink,http://dbpedia.org/resource/California
http://dbpedia.org/resource/%21%21%21,direct,dbo:wikiPageExternalLink,https://web.archive.org/web/20190807185821/https:/www.paradigmagency.com/music/chk-chk-chk/
http://dbpedia.org/resource/%21%21%21,direct,rdfs:comment,"!!! (qui se prononce tchik tchik tchik ou, à la convenance, toute autre syllabe répétée trois fois) est un groupe de rock indépendant américain, originaire de Sacramento, en Californie. Il est formé pendant l'été 1995 de la fusion d'une partie des groupes Black Liquorice et Popesmashers. Ce nom à but anticonformiste a l'inconvénient d'être, selon Spin Magazine, « le plus dur des noms de groupe pour Google ». Leur label a tenté de leur faire adopter chk chk chk pour améliorer leur présence sur internet. En effet, la recherche Google !!! ne renvoie aucun résultat. (@fr)"
http://dbpedia.org/resource/%21%21%21,direct,dbo:wikiPageExternalLink,https://web.archive.org/web/20180709094404/http:/www.phoenixnewtimes.com/content/printView/6616421
http://dbpedia.org/resource/%21%21%21,direct,rdfs:comment,"!!! es un grupo de música Dance punk estadounidense formado en 1996. Aunque la mayoría de sus miembros vivían originalmente en Sacramento, California hoy en día tiene como base de operaciones la ciudad de Nueva York. El grupo está compuesto por (guitarras), (trompeta, percusión y teclado), (voces), (guitarras y dispositivos electrónicos), (batería y voces), (bajo y efectos) y (trompeta, percusión y teclado). (@es)"
http://dbpedia.org/resource/%21%21%21,direct,dbo:wikiPageWikiLink,http://dbpedia.org/resource/!!!
http://dbpedia.org/resource/%21%21%21,direct,dbo:wikiPageWikiLink,http://dbpedia.org/resource/!!!
http://dbpedia.org/resource/%21%21%21,direct,owl:sameAs,http://d-nb.info/gnd/10334150-X
http://dbpedia.org/resource/%21%21%21,direct,dbo:abstract,!!!（チック・チック・チック）は、アメリカ合衆国のロック・バンドである。 (@ja)
http://dbpedia.org/resource/%21%21%21,direct,dbo:wikiPageWikiLink,http://dbpedia.org/resource/Juǀʼhoan_language
http://dbpedia.org/resource/%21%21%21,direct,dbo:wikiPageWikiLink,http://dbpedia.org/resource/!!!
http://dbpedia.org/resource/%21%21%21,direct,dbo:wikiPageRedirects,http://dbpedia.org/resource/!!!
http://dbpedia.org/resource/%21%21%21,direct,dbo:wikiPageExternalLink,https://web.archive.org/web/20170825060559/http:/www.npr.org/templates/transcript/transcript.php%3FstoryId=10236467
http://dbpedia.org/resource/%21%21%21,direct,dbo:wikiPageWikiLink,http://dbpedia.org/resource/!!!
http://dbpedia.org/resource/%21%21%21,direct,dbo:wikiPageWikiLink,http://dbpedia.org/resource/Category:1996_establishments_in_California
http://dbpedia.org/resource/%21%21%21,direct,rdfs:comment,"!!! (произносится chk chk chk, что теоретически имитирует щёлкающие согласные) — американская группа, созданная осенью 1996 года после совместного тура членов местных групп The Yah Mos, Black Liquorice и Popesmashers. Название группы было вдохновлено субтитрами фильма «Наверное, боги сошли с ума», в котором щёлкающие звуки языка бушменов представлялись как «!». (@ru)"
http://dbpedia.org/resource/%21%21%21,direct,owl:sameAs,http://cs.dbpedia.org/resource/!!!
http://dbpedia.org/resource/%21%21%21,direct,dbo:wikiPageWikiLink,http://dbpedia.org/resource/!!!
http://dbpedia.org/resource/%21%21%21,direct,rdf:type,http://dbpedia.org/class/yago/WikicatAmericanIndieRockGroups
http://dbpedia.org/resource/%21%21%21,direct,dbo:wikiPageWikiLink,http://dbpedia.org/resource/!!!
http://dbpedia.org/resource/%21%21%21,direct,dbo:wikiPageWikiLink,http://dbpedia.org/resource/Category:Indie_rock_musical_groups_from_California
http://dbpedia.org/resource/%21%21%21,direct,dbo:wikiPageExternalLink,http://www.pitchforkmedia.com/article/news/46289-john-pugh-leaves-fires-up-free-blood
http://dbpedia.org/resource/%21%21%21,direct,dbo:wikiPageWikiLink,http://dbpedia.org/resource/!!!
http://dbpedia.org/resource/%21%21%21,direct,dbp:spinoffOf,Black Liquorice (@en)
http://dbpedia.org/resource/%21%21%21,direct,dbo:wikiPageWikiLink,http://dbpedia.org/resource/!!!
http://dbpedia.org/resource/%21%21%21,direct,rdfs:label,!!! (@pl)
http://dbpedia.org/resource/%21%21%21,direct,dbo:wikiPageWikiLink,http://dbpedia.org/resource/!!!
http://dbpedia.org/resource/%21%21%21,direct,http://purl.org/dc/terms/subject,http://dbpedia.org/resource/Category:Dance-punk_musical_groups
http://dbpedia.org/resource/%21%21%21,direct,dbo:wikiPageWikiLink,http://dbpedia.org/resource/!!!
http://dbpedia.org/resource/%21%21%21,direct,dbo:wikiPageWikiLink,http://dbpedia.org/resource/Shake_the_Shudder
http://dbpedia.org/resource/%21%21%21,direct,dbo:wikiPageWikiLink,http://dbpedia.org/resource/!!!
http://dbpedia.org/resource/%21%21%21,direct,dbp:name,!!! (@en)
http://dbpedia.org/resource/%21%21%21,direct,dbp:wikiPageUsesTemplate,http://dbpedia.org/resource/Template:N/a
http://dbpedia.org/resource/%21%21%21,direct,dbo:wikiPageWikiLink,http://dbpedia.org/resource/!!!
http://dbpedia.org/resource/%21%21%21,direct,dbo:wikiPageWikiLink,http://dbpedia.org/resource/UK_Albums_Chart
http://dbpedia.org/resource/%21%21%21,direct,dbo:wikiPageWikiLink,http://dbpedia.org/resource/The_New_York_Times
http://dbpedia.org/resource/%21%21%21,direct,dbo:wikiPageWikiLink,http://dbpedia.org/resource/!!!
http://dbpedia.org/resource/%21%21%21,direct,dbo:wikiPageWikiLink,http://dbpedia.org/resource/!!!
http://dbpedia.org/resource/%21%21%21,direct,dbo:wikiPageWikiLink,http://dbpedia.org/resource/!!!
http://dbpedia.org/resource/%21%21%21,direct,dbo:wikiPageWikiLink,http://dbpedia.org/resource/!!!
http://dbpedia.org/resource/%21%21%21,direct,dbp:pastMembers,John Pugh (@en)
http://dbpedia.org/resource/%21%21%21,direct,dbo:wikiPageWikiLink,http://dbpedia.org/resource/!!!
http://dbpedia.org/resource/%21%21%21,direct,dbo:wikiPageWikiLink,http://dbpedia.org/resource/!!!
http://dbpedia.org/resource/%21%21%21,direct,dbo:wikiPageWikiLink,http://dbpedia.org/resource/Click_consonant
http://dbpedia.org/resource/%21%21%21,direct,dbo:wikiPageRedirects,http://dbpedia.org/resource/!!!
http://dbpedia.org/resource/%21%21%21,direct,dbo:wikiPageExternalLink,http://www.thedelimagazine.com/FeatureView.php%3Fartist=chkchkchk
http://dbpedia.org/resource/%21%21%21,direct,owl:sameAs,http://th.dbpedia.org/resource/!!!
http://dbpedia.org/resource/%21%21%21,direct,dbp:currentMembers,Meah Pace (@en)
http://dbpedia.org/resource/%21%21%21,direct,dbo:wikiPageWikiLink,http://dbpedia.org/resource/!!!
http://dbpedia.org/resource/%21%21%21,direct,dbo:wikiPageWikiLink,http://dbpedia.org/resource/Bassline
http://dbpedia.org/resource/%21%21%21,direct,dbo:wikiPageWikiLink,http://dbpedia.org/resource/!!!
http://dbpedia.org/resource/%21%21%21,direct,owl:sameAs,http://nl.dbpedia.org/resource/!!!
http://dbpedia.org/resource/%21%21%21,direct,dbo:wikiPageExternalLink,http://www.zobbel.de/cluk/CLUK_NUM.HTM
http://dbpedia.org/resource/%21%21%21,direct,dbo:wikiPageWikiLink,http://dbpedia.org/resource/!!!
http://dbpedia.org/resource/%21%21%21,direct,dbo:wikiPageWikiLink,http://dbpedia.org/resource/!!!
http://dbpedia.org/resource/%21%21%21,direct,owl:sameAs,http://pl.dbpedia.org/resource/!!!
http://dbpedia.org/resource/%21%21%21,direct,http://purl.org/dc/terms/subject,http://dbpedia.org/resource/Category:Post-punk_revival_music_groups
http://dbpedia.org/resource/%21%21%21,direct,dbo:hometown,http://dbpedia.org/resource/California
http://dbpedia.org/resource/%21%21%21,direct,dbo:associatedMusicalArtist,http://dbpedia.org/resource/!!!
http://dbpedia.org/resource/%21%21%21,direct,dbo:abstract,"!!! (vaak uitgesproken als ""chk chk chk"") is een Amerikaanse band, opgericht in Sacramento, Californië in 1996. De leden zijn allemaal afkomstig van andere lokale bands als The Yah Mos, Black Liquorice en Popesmashers. (@nl)"
http://dbpedia.org/resource/%21%21%21,direct,dbo:wikiPageExternalLink,https://web.archive.org/web/20170624221248/http:/www.oricon.co.jp/prof/340071/rank/album/
http://dbpedia.org/resource/%21%21%21,direct,dbo:wikiPageWikiLink,http://dbpedia.org/resource/!!!
http://dbpedia.org/resource/%21%21%21,direct,owl:sameAs,http://de.dbpedia.org/resource/!!!
http://dbpedia.org/resource/%21%21%21,direct,owl:sameAs,http://fa.dbpedia.org/resource/!!!
http://dbpedia.org/resource/%21%21%21,direct,dbp:wikiPageUsesTemplate,http://dbpedia.org/resource/Template:Respell
http://dbpedia.org/resource/%21%21%21,direct,dbo:wikiPageWikiLink,http://dbpedia.org/resource/!!!
http://dbpedia.org/resource/%21%21%21,direct,dbo:wikiPageWikiLink,http://dbpedia.org/resource/!!!
http://dbpedia.org/resource/%21%21%21,direct,dbo:wikiPageWikiLink,http://dbpedia.org/resource/!!!
http://dbpedia.org/resource/%21%21%21,direct,dbo:wikiPageWikiLink,http://dbpedia.org/resource/!!!
http://dbpedia.org/resource/%21%21%21,direct,owl:sameAs,http://viaf.org/viaf/160969480
http://dbpedia.org/resource/%21%21%21,direct,dbo:wikiPageWikiLink,http://dbpedia.org/resource/!!!
http://dbpedia.org/resource/%21%21%21,direct,owl:sameAs,http://tl.dbpedia.org/resource/!!!
http://dbpedia.org/resource/%21%21%21,direct,dbo:wikiPageWikiLink,http://dbpedia.org/resource/As_If_(album)
http://dbpedia.org/resource/%21%21%21,direct,rdfs:label,!!! (@en)
http://dbpedia.org/resource/%21%21%21,direct,dbo:abstract,"!!! (Chk Chk Chk) ist eine 1996 gegründete US-amerikanische Band aus Sacramento, Kalifornien. Sie spielt eine vom Progressive Rock ausgehende Verbindung verschiedener Musikrichtungen, wie etwa Indie-Rock, Disco und Funk. Sie versteht sich als Underground-Band. (@de)"
http://dbpedia.org/resource/%21%21%21,direct,dbo:wikiPageWikiLink,http://dbpedia.org/resource/The_Deli_Magazine
http://dbpedia.org/resource/%21%21%21,direct,dbo:formerBandMember,http://dbpedia.org/resource/Justin_Van_Der_Volgen
http://dbpedia.org/resource/%21%21%21,direct,dbp:currentMembers,Chris Egan (@en)
http://dbpedia.org/resource/%21%21%21,direct,dbo:wikiPageRedirects,http://dbpedia.org/resource/!!!
http://dbpedia.org/resource/%21%21%21,direct,dbo:wikiPageWikiLink,http://dbpedia.org/resource/Depeche_Mode
http://dbpedia.org/resource/%21%21%21,direct,dbp:spinoffs, (@en)
http://dbpedia.org/resource/%21%21%21,direct,rdf:type,http://dbpedia.org/class/yago/WikicatDance-punkMusicalGroups
http://dbpedia.org/resource/%21%21%21,direct,dbo:wikiPageExternalLink,https://www.nytimes.com/2007/03/18/arts/music/18chin.html%3Fpagewanted=all
http://dbpedia.org/resource/%21%21%21,direct,dbo:wikiPageWikiLink,http://dbpedia.org/resource/!!!
http://dbpedia.org/resource/%21%21%21,direct,dbo:wikiPageWikiLink,http://dbpedia.org/resource/Category:Post-punk_revival_music_groups
http://dbpedia.org/resource/%21%21%21,direct,dbo:wikiPageWikiLink,http://dbpedia.org/resource/!!!
http://dbpedia.org/resource/%21%21%21,direct,dbp:pastMembers,Jason Racine (@en)
http://dbpedia.org/resource/%21%21%21,direct,owl:sameAs,http://musicbrainz.org/artist/f26c72d3-e52c-467b-b651-679c73d8e1a7
http://dbpedia.org/resource/%21%21%21,direct,dbo:abstract,"!!! (výslovnost [tʃk.tʃk.tʃk]IPA) je americká dance-punková skupina, kterou založil zpěvák v roce 1996 v Sacramentu. (@cs)"
http://dbpedia.org/resource/%21%21%21,direct,dbo:wikiPageWikiLink,http://dbpedia.org/resource/Pitchfork_Media
http://dbpedia.org/resource/%21%21%21,direct,dbp:wikiPageUsesTemplate,http://dbpedia.org/resource/Template:Use_American_English
http://dbpedia.org/resource/%21%21%21,direct,dbo:wikiPageExternalLink,https://www.paradigmagency.com/music/chk-chk-chk/
http://dbpedia.org/resource/%21%21%21,direct,dbo:wikiPageWikiLink,http://dbpedia.org/resource/!!!
http://dbpedia.org/resource/%21%21%21,direct,dbp:currentMembers,http://dbpedia.org/resource/Nic_Offer
http://dbpedia.org/resource/%21%21%21,direct,dbo:wikiPageWikiLink,http://dbpedia.org/resource/!!!
http://dbpedia.org/resource/%21%21%21,direct,rdfs:label,!!! (@it)
http://dbpedia.org/resource/%21%21%21,direct,rdfs:comment,"!!! (/tʃ(ɪ)k.tʃ(ɪ)k.tʃ(ɪ)k/ ch(i)k-ch(i)k-ch(i)k), also known as Chk Chk Chk, is an American rock band from Sacramento, California, formed in 1996 by lead singer Nic Offer. Members of !!! came from other local bands such as the Yah Mos, Black Liquorice and Pope Smashers. They are currently based in New York City. The band's ninth album, Let It Be Blue, was released in May 2022. (@en)"
http://dbpedia.org/resource/%21%21%21,direct,dbo:wikiPageWikiLink,http://dbpedia.org/resource/!!!
http://dbpedia.org/resource/%21%21%21,direct,rdfs:comment,"!!! (вимовляється chk chk chk, чк-чк-чк, що теоретично імітує ) — американська музична група, створена восени 1996 року після спільного туру членів місцевих груп «The Yah Mos», «Black Liquorice» і «Popesmashers». Назву для групи надихнули субтитри фільму «Напевно, боги здуріли», у якім звуки, що клацають, мови бушменів представлялися як «!». (@uk)"
http://dbpedia.org/resource/%21%21%21,direct,dbo:wikiPageWikiLink,http://dbpedia.org/resource/!!!
http://dbpedia.org/resource/%21%21%21,direct,dbp:wordnet_type,http://www.w3.org/2006/03/wn/wn20/instances/synset-phonograph_record-noun-1
http://dbpedia.org/resource/%21%21%21,direct,dbo:wikiPageExternalLink,http://www.phoenixnewtimes.com/content/printView/6616421
http://dbpedia.org/resource/%21%21%21,direct,dbo:wikiPageWikiLink,http://dbpedia.org/resource/Musical_keyboard
http://dbpedia.org/resource/%21%21%21,direct,rdfs:label,!!! (@ru)
http://dbpedia.org/resource/%21%21%21,direct,dbo:wikiPageExternalLink,https://web.archive.org/web/20170807032802/http:/pitchfork.com/news/49345-the-new-album-is-called-threr/
http://dbpedia.org/resource/%21%21%21,direct,dbo:wikiPageWikiLink,http://dbpedia.org/resource/!!!
http://dbpedia.org/resource/%21%21%21,direct,rdfs:comment,"!!! (txik-txik-txik ahoskatua) estatubatuar dance-punk musika-talde bat da. 1996an sortu zuen abeslariak Sacramenton, Kalifornia. !!! taldeko kideek leheago , eta taldeetatik zetozen. Gaur egun New Yorken bizi dira. Euren azken diska Wallop da, zortzigarrena, 2019ko abuztuan kaleratua. (@eu)"
http://dbpedia.org/resource/%21%21%21,direct,dbp:currentMembers,Rafael Cohen (@en)
http://dbpedia.org/resource/%21%21%21,direct,dbo:associatedMusicalArtist,http://dbpedia.org/resource/!!!
http://dbpedia.org/resource/%21%21%21,direct,dbp:spinoffs,http://dbpedia.org/resource/Out_Hud
http://dbpedia.org/resource/%21%21%21,direct,dbo:wikiPageWikiLink,http://dbpedia.org/resource/Holiday_(The_Magnetic_Fields_album)
http://dbpedia.org/resource/%21%21%21,direct,dbo:wikiPageWikiLink,http://dbpedia.org/resource/!!!
http://dbpedia.org/resource/%21%21%21,direct,rdf:type,http://dbpedia.org/ontology/Band
http://dbpedia.org/resource/%21%21%21,direct,owl:sameAs,http://it.dbpedia.org/resource/!!!
http://dbpedia.org/resource/%21%21%21,direct,dbp:origin,"Sacramento, California, U.S. (@en)"
http://dbpedia.org/resource/%21%21%21,direct,rdfs:label,!!! (@uk)
http://dbpedia.org/resource/%21%21%21,direct,dbo:wikiPageRedirects,http://dbpedia.org/resource/!!!
http://dbpedia.org/resource/%21%21%21,direct,owl:sameAs,http://azb.dbpedia.org/resource/!!!
http://dbpedia.org/resource/%21%21%21,direct,dbo:wikiPageWikiLink,http://dbpedia.org/resource/!!!
http://dbpedia.org/resource/%21%21%21,direct,dbo:wikiPageWikiLink,http://dbpedia.org/resource/!!!
http://dbpedia.org/resource/%21%21%21,direct,rdf:type,http://dbpedia.org/ontology/Group
http://dbpedia.org/resource/%21%21%21,direct,rdfs:comment,!!!（チック・チック・チック）は、アメリカ合衆国のロック・バンドである。 (@ja)
http://dbpedia.org/resource/%21%21%21,direct,owl:sameAs,http://hr.dbpedia.org/resource/!!!
http://dbpedia.org/resource/%21%21%21,direct,rdf:type,http://schema.org/Organization
http://dbpedia.org/resource/%21%21%21,direct,owl:sameAs,http://ja.dbpedia.org/resource/!!!
http://dbpedia.org/resource/%21%21%21,direct,dbo:wikiPageWikiLink,http://dbpedia.org/resource/!!!
http://dbpedia.org/resource/%21%21%21,direct,dbo:wikiPageWikiLink,http://dbpedia.org/resource/UK_Singles_Chart
http://dbpedia.org/resource/%21%21%21,direct,dbo:wikiPageWikiLink,http://dbpedia.org/resource/!!!
http://dbpedia.org/resource/%21%21%21,direct,dbo:wikiPageWikiLink,http://dbpedia.org/resource/Justin_Van_Der_Volgen
http://dbpedia.org/resource/%21%21%21,direct,dbo:wikiPageWikiLink,http://dbpedia.org/resource/!!!
http://dbpedia.org/resource/%21%21%21,direct,dbo:wikiPageWikiLink,http://dbpedia.org/resource/!!!
http://dbpedia.org/resource/%21%21%21,direct,dbo:wikiPageWikiLink,http://dbpedia.org/resource/!!!
http://dbpedia.org/resource/%21%21%21,direct,dbo:wikiPageWikiLink,http://dbpedia.org/resource/!!!
http://dbpedia.org/resource/%21%21%21,direct,dbo:wikiPageExternalLink,https://web.archive.org/web/20110609162655/http:/nl.newsbank.com/nl-search/we/Archives%3Fp_product=SB&p_theme=sb&p_action=search&p_maxdocs=200&p_topdoc=1&p_text_direct-0=10E9E4D5950028E0&p_field_direct-0=document_id&p_perpage=10&p_sort=YMD_date:D&s_trackval=GooglePM
http://dbpedia.org/resource/%21%21%21,direct,dbo:wikiPageWikiLink,http://dbpedia.org/resource/!!!
http://dbpedia.org/resource/%21%21%21,direct,rdf:type,http://dbpedia.org/class/yago/WikicatMusicalGroupsFromNewYork
http://dbpedia.org/resource/%21%21%21,direct,rdf:type,http://www.wikidata.org/entity/Q43229
http://dbpedia.org/resource/%21%21%21,direct,dbp:wikiPageUsesTemplate,http://dbpedia.org/resource/Template:Use_mdy_dates
http://dbpedia.org/resource/%21%21%21,direct,rdf:type,http://dbpedia.org/class/yago/Abstraction100002137
http://dbpedia.org/resource/%21%21%21,direct,dbo:wikiPageWikiLink,http://dbpedia.org/resource/!!!
http://dbpedia.org/resource/%21%21%21,direct,dbo:wikiPageWikiLink,http://dbpedia.org/resource/Psychedelia
http://dbpedia.org/resource/%21%21%21,direct,rdf:type,http://dbpedia.org/class/yago/WikicatMusicalGroupsEstablishedIn1996
http://dbpedia.org/resource/%21%21%21,direct,dbo:wikiPageWikiLink,http://dbpedia.org/resource/!!!
http://dbpedia.org/resource/%21%21%21,direct,dbo:wikiPageWikiLink,http://dbpedia.org/resource/!!!
http://dbpedia.org/resource/%21%21%21,direct,dbo:wikiPageRedirects,http://dbpedia.org/resource/!!!
http://dbpedia.org/resource/%21%21%21,direct,dbo:wikiPageWikiLink,http://dbpedia.org/resource/!!!
http://dbpedia.org/resource/%21%21%21,direct,dbo:wikiPageWikiLink,http://dbpedia.org/resource/!!!
http://dbpedia.org/resource/%21%21%21,direct,dbo:wikiPageWikiLink,http://dbpedia.org/resource/Syndicat_National_de_l'Édition_Phonographique
http://dbpedia.org/resource/%21%21%21,direct,dbo:wikiPageWikiLink,http://dbpedia.org/resource/!!!
http://dbpedia.org/resource/%21%21%21,direct,dbo:wikiPageWikiLink,http://dbpedia.org/resource/Dance-punk
http://dbpedia.org/resource/%21%21%21,direct,dbp:wikiPageUsesTemplate,http://dbpedia.org/resource/Template:!!!_(band)
http://dbpedia.org/resource/%21%21%21,direct,dbo:wikiPageWikiLink,http://dbpedia.org/resource/!!!
http://dbpedia.org/resource/%21%21%21,direct,dbo:wikiPageWikiLink,http://dbpedia.org/resource/!!!
http://dbpedia.org/resource/%21%21%21,direct,dbo:wikiPageWikiLink,http://dbpedia.org/resource/!!!
http://dbpedia.org/resource/%21%21%21,direct,dbo:wikiPageWikiLink,http://dbpedia.org/resource/!!!
http://dbpedia.org/resource/%21%21%21,direct,dbp:artist,http://dbpedia.org/resource/!!!
http://dbpedia.org/resource/%21%21%21,direct,dbo:wikiPageWikiLink,http://dbpedia.org/resource/!!!
http://dbpedia.org/resource/%21%21%21,direct,dbo:wikiPageWikiLink,http://dbpedia.org/resource/Funk_rock
http://dbpedia.org/resource/%21%21%21,direct,dbo:wikiPageLength,16092 (http://www.w3.org/2001/XMLSchema#nonNegativeInteger)
http://dbpedia.org/resource/%21%21%21,direct,dbo:wikiPageWikiLink,http://dbpedia.org/resource/!!!
http://dbpedia.org/resource/%21%21%21,direct,dbo:abstract,"!!! (prononcu ĉk ĉk ĉk ([tʃk.tʃk.tʃk])) estas usona muzika grupo. !!! estiĝis en 1995, kaj ankoraŭ aktivas en 2006. Ĝi formiĝis per kunfandiĝo de la antaŭaj grupoj kaj . Ĝi produktas muzikon en la ĝenro """". Inter la plej rimarkataj aferoj pri la grupo estas ĝia nomo, ""!!!"", kiun oni prononcas ""kiel iu ajn silabo trifoje ripetita"". Ĉar Google kaj similaj serĉiloj malatentas interpunkcion, ne facilas elserĉi ""!!!"". La plej ofta literigo de la nomo, tamen, estas ""chk chk chk"", kaj serĉante tion oni povas trovi multajn retejojn pri la grupo. (@eo)"
http://dbpedia.org/resource/%21%21%21,direct,dbp:landscape,yes (@en)
http://dbpedia.org/resource/%21%21%21,direct,dbo:wikiPageRedirects,http://dbpedia.org/resource/!!!
http://dbpedia.org/resource/%21%21%21,direct,dbp:wikiPageUsesTemplate,http://dbpedia.org/resource/Template:About
http://dbpedia.org/resource/%21%21%21,direct,rdf:type,http://www.w3.org/2002/07/owl#Thing
http://dbpedia.org/resource/%21%21%21,direct,foaf:depiction,http://commons.wikimedia.org/wiki/Special:FilePath/Nic_Offer_(!!!).jpg
http://dbpedia.org/resource/%21%21%21,direct,dbo:wikiPageExternalLink,https://lescharts.com/showinterpret.asp%3Finterpret=%21%21%21
http://dbpedia.org/resource/%21%21%21,direct,dbo:wikiPageWikiLink,http://dbpedia.org/resource/!!!
http://dbpedia.org/resource/%21%21%21,direct,owl:sameAs,http://fr.dbpedia.org/resource/!!!
http://dbpedia.org/resource/%21%21%21,direct,rdf:type,http://www.ontologydesignpatterns.org/ont/dul/DUL.owl#Agent
http://dbpedia.org/resource/%21%21%21,direct,dbo:wikiPageWikiLink,http://dbpedia.org/resource/!!!
http://dbpedia.org/resource/%21%21%21,direct,dbp:genre,http://dbpedia.org/resource/Dance-punk
http://dbpedia.org/resource/%21%21%21,direct,dbp:artist,http://dbpedia.org/resource/!!!
http://dbpedia.org/resource/%21%21%21,direct,rdfs:comment,"!!! (vaak uitgesproken als ""chk chk chk"") is een Amerikaanse band, opgericht in Sacramento, Californië in 1996. De leden zijn allemaal afkomstig van andere lokale bands als The Yah Mos, Black Liquorice en Popesmashers. (@nl)"
http://dbpedia.org/resource/%21%21%21,direct,dbo:wikiPageWikiLink,http://dbpedia.org/resource/!!!
http://dbpedia.org/resource/%21%21%21,direct,dbo:wikiPageWikiLink,http://dbpedia.org/resource/!!!
http://dbpedia.org/resource/%21%21%21,direct,dbo:wikiPageWikiLink,http://dbpedia.org/resource/Horn_section
http://dbpedia.org/resource/%21%21%21,direct,dbo:wikiPageWikiLink,http://dbpedia.org/resource/!!!
http://dbpedia.org/resource/%21%21%21,direct,dbp:yearsActive,1996 (http://www.w3.org/2001/XMLSchema#integer)
http://dbpedia.org/resource/%21%21%21,direct,rdf:type,http://www.ontologydesignpatterns.org/ont/dul/DUL.owl#SocialPerson
http://dbpedia.org/resource/%21%21%21,direct,rdfs:label,!!! (@eo)
http://dbpedia.org/resource/%21%21%21,direct,dbo:wikiPageWikiLink,http://dbpedia.org/resource/!!!
http://dbpedia.org/resource/%21%21%21,direct,owl:sameAs,http://es.dbpedia.org/resource/!!!
http://dbpedia.org/resource/%21%21%21,direct,rdfs:label,!!! (@cs)
http://dbpedia.org/resource/%21%21%21,direct,dbo:wikiPageWikiLink,http://dbpedia.org/resource/!!!
http://dbpedia.org/resource/%21%21%21,direct,dbp:genre,http://dbpedia.org/resource/Funk_rock
http://dbpedia.org/resource/%21%21%21,direct,dbo:wikiPageWikiLink,http://dbpedia.org/resource/Alternative_dance
http://dbpedia.org/resource/%21%21%21,direct,dbo:wikiPageWikiLink,http://dbpedia.org/resource/Rock_music
http://dbpedia.org/resource/%21%21%21,direct,dbo:activeYearsStartYear,1996 (http://www.w3.org/2001/XMLSchema#gYear)
http://dbpedia.org/resource/%21%21%21,direct,dbo:wikiPageWikiLink,http://dbpedia.org/resource/!!!
http://dbpedia.org/resource/%21%21%21,direct,dbp:wikiPageUsesTemplate,http://dbpedia.org/resource/Template:Short_description
http://dbpedia.org/resource/%21%21%21,direct,rdf:type,http://dbpedia.org/class/yago/RockGroup108250501
http://dbpedia.org/resource/%21%21%21,direct,dbo:wikiPageRevisionID,1111312055 (http://www.w3.org/2001/XMLSchema#integer)
http://dbpedia.org/resource/%21%21%21,direct,rdf:type,http://schema.org/MusicGroup
http://dbpedia.org/resource/%21%21%21,direct,rdf:type,http://dbpedia.org/class/yago/Group100031264
http://dbpedia.org/resource/%21%21%21,direct,dbo:wikiPageWikiLink,http://dbpedia.org/resource/!!!
http://dbpedia.org/resource/%21%21%21,direct,dbp:currentMembers,Dan Gorman (@en)
http://dbpedia.org/resource/%21%21%21,direct,foaf:name,!!! (@en)
http://dbpedia.org/resource/%21%21%21,direct,dbo:wikiPageWikiLink,http://dbpedia.org/resource/!!!_(album)
http://dbpedia.org/resource/%21%21%21,direct,dbo:abstract,"I !!! (pronunciato Chk Chk Chk) sono un gruppo musicale formatosi nel 1996 a Sacramento, California. I membri del gruppo provengono da altre band locali, come The Yah Mos, Black Liquorice e Popesmashers. La band ha sede anche a New York e a Portland. (@it)"
http://dbpedia.org/resource/%21%21%21,direct,dbo:wikiPageWikiLink,http://dbpedia.org/resource/The_Gods_Must_Be_Crazy
http://dbpedia.org/resource/%21%21%21,direct,dbp:artist,http://dbpedia.org/resource/!!!
http://dbpedia.org/resource/%21%21%21,direct,rdfs:comment,"!!! (Chk Chk Chk) ist eine 1996 gegründete US-amerikanische Band aus Sacramento, Kalifornien. Sie spielt eine vom Progressive Rock ausgehende Verbindung verschiedener Musikrichtungen, wie etwa Indie-Rock, Disco und Funk. Sie versteht sich als Underground-Band. (@de)"
http://dbpedia.org/resource/%21%21%21,direct,dbo:wikiPageWikiLink,http://dbpedia.org/resource/!!!
http://dbpedia.org/resource/%21%21%21,direct,rdf:type,http://dbpedia.org/class/yago/WikicatIndieRockBands
http://dbpedia.org/resource/%21%21%21,direct,dbp:producer,http://dbpedia.org/resource/!!!
http://dbpedia.org/resource/%21%21%21,direct,dbo:wikiPageRedirects,http://dbpedia.org/resource/!!!
http://dbpedia.org/resource/%21%21%21,direct,dbo:wikiPageWikiLink,http://dbpedia.org/resource/!!!
http://dbpedia.org/resource/%21%21%21,direct,dbo:wikiPageWikiLink,http://dbpedia.org/resource/!!!
http://dbpedia.org/resource/%21%21%21,direct,dbo:wikiPageWikiLink,http://dbpedia.org/resource/!!!
http://dbpedia.org/resource/%21%21%21,direct,dbp:currentMembers,Mario Andreoni (@en)
http://dbpedia.org/resource/%21%21%21,direct,owl:sameAs,http://uk.dbpedia.org/resource/!!!
http://dbpedia.org/resource/%21%21%21,direct,owl:sameAs,http://da.dbpedia.org/resource/!!!
http://dbpedia.org/resource/%21%21%21,direct,owl:sameAs,http://sv.dbpedia.org/resource/!!!
http://dbpedia.org/resource/%21%21%21,direct,dbp:background,group_or_band (@en)
http://dbpedia.org/resource/%21%21%21,direct,dbo:wikiPageWikiLink,http://dbpedia.org/resource/!!!
http://dbpedia.org/resource/%21%21%21,direct,dbp:artist,http://dbpedia.org/resource/!!!
http://dbpedia.org/resource/%21%21%21,direct,dbo:wikiPageRedirects,http://dbpedia.org/resource/!!!
http://dbpedia.org/resource/%21%21%21,direct,dbo:wikiPageWikiLink,http://dbpedia.org/resource/Hardcore_punk
http://dbpedia.org/resource/%21%21%21,direct,dbo:wikiPageWikiLink,http://dbpedia.org/resource/!!!
http://dbpedia.org/resource/%21%21%21,direct,rdf:type,http://dbpedia.org/class/yago/YagoLegalActor
http://dbpedia.org/resource/%21%21%21,direct,rdfs:comment,"!!! (výslovnost [tʃk.tʃk.tʃk]IPA) je americká dance-punková skupina, kterou založil zpěvák v roce 1996 v Sacramentu. (@cs)"
http://dbpedia.org/resource/%21%21%21,direct,dbp:genre,http://dbpedia.org/resource/Alternative_dance
http://dbpedia.org/resource/%21%21%21,direct,rdfs:comment,"( 이 문서는 미국의 댄스 펑크 밴드에 관한 것입니다. 강조를 나타내는 문장 부호에 대해서는 ! 문서를 참고하십시오.)( 음반에 대해서는 !!! (음반) 문서를 참고하십시오.)
!!!(칙칙칙/ˈtʃɪk ˈtʃɪk ˈtʃɪk/으로 읽음)은 1996년 결성된 미국의 댄스 펑크 밴드이다. ""Me and Giuliani Down by the Schoolyard (a true story)""나 ""Must Be the Moon""로 알려졌다. 새크라멘토 출신이지만 지금은 뉴욕, 새크라멘토, 포틀랜드에 기반을 두고 있다. !!!은 마리오 안드레오니(기타), 댄 고먼(관악/타악/건반), 닉 오퍼(보컬), 타일러 포프(베이스/일렉트로닉), 앨런 윌슨(관악/타악/건반) 등의 멤버로 구성된다. 투어 구성원으로는 섀넌 펀치스(보컬)과 폴 쿼트론(드럼)이 있다. 예전에는 아웃 허드(Out Hud)와 타일러 포프와도 협연하였으나 지금 아웃 허드는 해체된 상황이다. 또 옛 구성원으로 보컬과 드럼을 맡았던 존 퍼가 있었지만 2007년 7월 새 밴드인 프리 블러드에 집중하겠다는 이유로 밴드에서 탈퇴하였다. (@ko)"
http://dbpedia.org/resource/%21%21%21,direct,dbo:wikiPageWikiLink,http://dbpedia.org/resource/Touch_and_Go_Records
http://dbpedia.org/resource/%21%21%21,direct,dbo:wikiPageWikiLink,http://dbpedia.org/resource/!!!
http://dbpedia.org/resource/%21%21%21,direct,dbo:wikiPageWikiLink,http://dbpedia.org/resource/Myspace
http://dbpedia.org/resource/%21%21%21,direct,dbp:spinoffOf,Pope Smashers (@en)
http://dbpedia.org/resource/%21%21%21,direct,dbo:wikiPageWikiLink,http://dbpedia.org/resource/!!!
http://dbpedia.org/resource/%21%21%21,direct,dbo:bandMember,http://dbpedia.org/resource/Nic_Offer
http://dbpedia.org/resource/%21%21%21,direct,dbo:wikiPageWikiLink,http://dbpedia.org/resource/!!!
http://dbpedia.org/resource/%21%21%21,direct,dbo:wikiPageWikiLink,http://dbpedia.org/resource/!!!
http://dbpedia.org/resource/%21%21%21,direct,dbp:wikiPageUsesTemplate,http://dbpedia.org/resource/Template:Commons_category
http://dbpedia.org/resource/%21%21%21,direct,dbo:wikiPageWikiLink,http://dbpedia.org/resource/!!!
http://dbpedia.org/resource/%21%21%21,direct,dbo:wikiPageWikiLink,http://dbpedia.org/resource/!!!
http://dbpedia.org/resource/%21%21%21,direct,dbo:wikiPageWikiLink,http://dbpedia.org/resource/!!!
http://dbpedia.org/resource/%21%21%21,direct,dbp:wikiPageUsesTemplate,http://dbpedia.org/resource/Template:Cite_web
http://dbpedia.org/resource/%21%21%21,direct,dbo:wikiPageExternalLink,https://web.archive.org/web/20170625025625/http:/www.thedelimagazine.com/FeatureView.php%3Fartist=chkchkchk
http://dbpedia.org/resource/%21%21%21,direct,dbo:wikiPageWikiLink,http://dbpedia.org/resource/Disco-rock
http://dbpedia.org/resource/%21%21%21,direct,dbp:wikiPageUsesTemplate,http://dbpedia.org/resource/Template:Webarchive
http://dbpedia.org/resource/%21%21%21,direct,rdf:type,"http://dbpedia.org/class/yago/WikicatMusicalGroupsFromSacramento,California"
http://dbpedia.org/resource/%21%21%21,direct,dbp:artist,http://dbpedia.org/resource/!!!
http://dbpedia.org/resource/%21%21%21,direct,dbo:wikiPageExternalLink,http://www.drownedinsound.com/articles/1313479
http://dbpedia.org/resource/%21%21%21,direct,dbp:pastMembers,http://dbpedia.org/resource/Justin_Van_Der_Volgen
http://dbpedia.org/resource/%21%21%21,direct,dbo:wikiPageWikiLink,http://dbpedia.org/resource/!!!
http://dbpedia.org/resource/%21%21%21,direct,dbo:wikiPageWikiLink,http://dbpedia.org/resource/House_music
http://dbpedia.org/resource/%21%21%21,direct,dbo:wikiPageWikiLink,http://dbpedia.org/resource/!!!
http://dbpedia.org/resource/%21%21%21,direct,dbo:wikiPageWikiLink,http://dbpedia.org/resource/!!!
http://dbpedia.org/resource/%21%21%21,direct,dbo:wikiPageWikiLink,http://dbpedia.org/resource/!!!
http://dbpedia.org/resource/%21%21%21,direct,dbo:wikiPageWikiLink,http://dbpedia.org/resource/!!!
http://dbpedia.org/resource/%21%21%21,direct,dbo:wikiPageWikiLink,http://dbpedia.org/resource/!!!
http://dbpedia.org/resource/%21%21%21,direct,dbo:wikiPageWikiLink,http://dbpedia.org/resource/!!!
http://dbpedia.org/resource/%21%21%21,direct,dbo:wikiPageWikiLink,http://dbpedia.org/resource/!!!
http://dbpedia.org/resource/%21%21%21,direct,dbo:wikiPageWikiLink,http://dbpedia.org/resource/!!!
http://dbpedia.org/resource/%21%21%21,direct,dbo:wikiPageWikiLink,http://dbpedia.org/resource/!!!
http://dbpedia.org/resource/%21%21%21,direct,rdf:type,http://dbpedia.org/class/yago/WikicatMusicalGroupsFromCalifornia
http://dbpedia.org/resource/%21%21%21,direct,dbo:wikiPageWikiLink,http://dbpedia.org/resource/One_Girl_/_One_Boy
http://dbpedia.org/resource/%21%21%21,direct,rdfs:label,!!! (@sv)
http://dbpedia.org/resource/%21%21%21,direct,owl:sameAs,http://sr.dbpedia.org/resource/!!!
http://dbpedia.org/resource/%21%21%21,direct,rdfs:label,!!! (@eu)
http://dbpedia.org/resource/%21%21%21,direct,dbo:abstract,"!!! é uma banda de indie rock/dance-punk norte-americana fundada em 1995 em Sacramento. O grupo diz-se em inglês tchk tchk tchk, ou outras três sílabas repetidas três vezes, como pow pow pow e uh uh uh. (@pt)"
http://dbpedia.org/resource/%21%21%21,direct,owl:sameAs,http://www.wikidata.org/entity/Q371
http://dbpedia.org/resource/%21%21%21,direct,dbp:genre,http://dbpedia.org/resource/Disco-rock
http://dbpedia.org/resource/%21%21%21,direct,dbo:wikiPageWikiLink,http://dbpedia.org/resource/!!!
http://dbpedia.org/resource/%21%21%21,direct,dbo:wikiPageWikiLink,http://dbpedia.org/resource/Billboard_200
http://dbpedia.org/resource/%21%21%21,direct,dbo:wikiPageExternalLink,https://web.archive.org/web/20080513010104/http:/www.pitchforkmedia.com/article/news/46289-john-pugh-leaves-fires-up-free-blood
http://dbpedia.org/resource/%21%21%21,direct,dbo:wikiPageWikiLink,http://dbpedia.org/resource/!!!
http://dbpedia.org/resource/%21%21%21,direct,dbo:wikiPageWikiLink,http://dbpedia.org/resource/!!!
http://dbpedia.org/resource/%21%21%21,direct,dbo:wikiPageWikiLink,http://dbpedia.org/resource/!!!
http://dbpedia.org/resource/%21%21%21,direct,dbo:wikiPageWikiLink,http://dbpedia.org/resource/!!!
http://dbpedia.org/resource/%21%21%21,direct,dbo:wikiPageWikiLink,http://dbpedia.org/resource/Gold_Standard_Laboratories
http://dbpedia.org/resource/%21%21%21,direct,dbp:associatedActs,http://dbpedia.org/resource/!!!
http://dbpedia.org/resource/%21%21%21,direct,dbo:wikiPageRedirects,http://dbpedia.org/resource/!!!
http://dbpedia.org/resource/%21%21%21,direct,dbo:wikiPageWikiLink,http://dbpedia.org/resource/!!!
http://dbpedia.org/resource/%21%21%21,direct,dbo:wikiPageWikiLink,http://dbpedia.org/resource/Warp_(record_label)
http://dbpedia.org/resource/%21%21%21,direct,dbo:wikiPageWikiLink,http://dbpedia.org/resource/San_people
http://dbpedia.org/resource/%21%21%21,direct,dbp:associatedActs,http://dbpedia.org/resource/!!!
http://dbpedia.org/resource/%21%21%21,direct,dbp:wikiPageUsesTemplate,http://dbpedia.org/resource/Template:Reflist
http://dbpedia.org/resource/%21%21%21,direct,http://purl.org/dc/terms/subject,http://dbpedia.org/resource/Category:Warp_(record_label)_artists
http://dbpedia.org/resource/%21%21%21,direct,dbo:wikiPageWikiLink,http://dbpedia.org/resource/!!!
http://dbpedia.org/resource/%21%21%21,direct,dbo:wikiPageWikiLink,http://dbpedia.org/resource/!!!
http://dbpedia.org/resource/%21%21%21,direct,dbo:wikiPageWikiLink,http://dbpedia.org/resource/!!!
http://dbpedia.org/resource/%21%21%21,direct,dbo:wikiPageWikiLink,http://dbpedia.org/resource/Drowned_in_Sound
http://dbpedia.org/resource/%21%21%21,direct,dbp:associatedActs,http://dbpedia.org/resource/!!!
http://dbpedia.org/resource/%21%21%21,direct,dbo:wikiPageWikiLink,http://dbpedia.org/resource/!!!
http://dbpedia.org/resource/%21%21%21,direct,owl:sameAs,http://yago-knowledge.org/resource/!!!
http://dbpedia.org/resource/%21%21%21,direct,dbo:wikiPageWikiLink,http://dbpedia.org/resource/Sacramento_Bee
http://dbpedia.org/resource/%21%21%21,direct,owl:sameAs,http://hu.dbpedia.org/resource/Chk_Chk_Chk
http://dbpedia.org/resource/%21%21%21,direct,owl:sameAs,http://pt.dbpedia.org/resource/!!!
http://dbpedia.org/resource/%21%21%21,direct,dbo:wikiPageWikiLink,http://dbpedia.org/resource/Footloose_(musical)
http://dbpedia.org/resource/%21%21%21,direct,dbp:pastMembers,Paul Quattrone (@en)
http://dbpedia.org/resource/%21%21%21,direct,dbo:wikiPageDisambiguates,http://dbpedia.org/resource/!!!
http://dbpedia.org/resource/%21%21%21,direct,dbo:thumbnail,http://commons.wikimedia.org/wiki/Special:FilePath/Chkchkchk.jpg?width=300
http://dbpedia.org/resource/%21%21%21,direct,dbo:wikiPageExternalLink,https://web.archive.org/web/20171227233943/http:/www.zobbel.de/cluk/CLUK_NUM.HTM
http://dbpedia.org/resource/%21%21%21,direct,dbo:wikiPageWikiLink,http://dbpedia.org/resource/Jerry_Fuchs
http://dbpedia.org/resource/%21%21%21,direct,dbo:wikiPageWikiLink,http://dbpedia.org/resource/!!!
http://dbpedia.org/resource/%21%21%21,direct,dbo:associatedMusicalArtist,http://dbpedia.org/resource/!!!
http://dbpedia.org/resource/%21%21%21,direct,dbo:wikiPageWikiLink,http://dbpedia.org/resource/Extended_play
http://dbpedia.org/resource/%21%21%21,direct,dbp:pastMembers,Shannon Funchess (@en)
http://dbpedia.org/resource/%21%21%21,direct,rdfs:label,!!! (@fr)
http://dbpedia.org/resource/%21%21%21,direct,owl:sameAs,http://simple.dbpedia.org/resource/!!!
http://dbpedia.org/resource/%21%21%21,direct,dbo:wikiPageExternalLink,https://www.npr.org/templates/transcript/transcript.php%3FstoryId=10236467
http://dbpedia.org/resource/%21%21%21,direct,dbo:wikiPageWikiLink,http://dbpedia.org/resource/!!!
http://dbpedia.org/resource/%21%21%21,direct,dbp:wikiPageUsesTemplate,http://dbpedia.org/resource/Template:Infobox_musical_artist
http://dbpedia.org/resource/%21%21%21,direct,rdf:type,http://dbpedia.org/class/yago/YagoLegalActorGeo
http://dbpedia.org/resource/%21%21%21,direct,dbo:wikiPageRedirects,http://dbpedia.org/resource/!!!
http://dbpedia.org/resource/%21%21%21,direct,dbo:associatedBand,http://dbpedia.org/resource/!!!
http://dbpedia.org/resource/%21%21%21,direct,rdfs:comment,"!!! (prononcu ĉk ĉk ĉk ([tʃk.tʃk.tʃk])) estas usona muzika grupo. !!! estiĝis en 1995, kaj ankoraŭ aktivas en 2006. Ĝi formiĝis per kunfandiĝo de la antaŭaj grupoj kaj . Ĝi produktas muzikon en la ĝenro """". Inter la plej rimarkataj aferoj pri la grupo estas ĝia nomo, ""!!!"", kiun oni prononcas ""kiel iu ajn silabo trifoje ripetita"". Ĉar Google kaj similaj serĉiloj malatentas interpunkcion, ne facilas elserĉi ""!!!"". La plej ofta literigo de la nomo, tamen, estas ""chk chk chk"", kaj serĉante tion oni povas trovi multajn retejojn pri la grupo. (@eo)"
http://dbpedia.org/resource/%21%21%21,direct,rdfs:label,!!! (@ko)
http://dbpedia.org/resource/%21%21%21,direct,dbo:wikiPageWikiLink,http://dbpedia.org/resource/!!!
http://dbpedia.org/resource/%21%21%21,direct,dbo:wikiPageWikiLink,http://dbpedia.org/resource/!!!
http://dbpedia.org/resource/%21%21%21,direct,dbp:label,http://dbpedia.org/resource/Touch_and_Go_Records
http://dbpedia.org/resource/%21%21%21,direct,dbo:wikiPageWikiLink,http://dbpedia.org/resource/!!!
http://dbpedia.org/resource/%21%21%21,direct,dbo:wikiPageWikiLink,http://dbpedia.org/resource/!!!
http://dbpedia.org/resource/%21%21%21,direct,dbo:wikiPageWikiLink,http://dbpedia.org/resource/!!!
http://dbpedia.org/resource/%21%21%21,direct,dbo:wikiPageWikiLink,http://dbpedia.org/resource/LCD_Soundsystem
http://dbpedia.org/resource/%21%21%21,direct,dbo:wikiPageWikiLink,http://dbpedia.org/resource/!!!
http://dbpedia.org/resource/%21%21%21,direct,dbo:wikiPageWikiLink,http://dbpedia.org/resource/!!!
http://dbpedia.org/resource/%21%21%21,direct,rdfs:label,!!! (@ja)
http://dbpedia.org/resource/%21%21%21,direct,dbo:wikiPageWikiLink,http://dbpedia.org/resource/Category:Warp_(record_label)_artists
http://dbpedia.org/resource/%21%21%21,direct,dbo:wikiPageWikiLink,http://dbpedia.org/resource/!!!
http://dbpedia.org/resource/%21%21%21,direct,dbo:wikiPageWikiLink,http://dbpedia.org/resource/!!!
http://dbpedia.org/resource/%21%21%21,direct,dbo:genre,http://dbpedia.org/resource/Dance-punk
http://dbpedia.org/resource/%21%21%21,direct,owl:sameAs,http://ko.dbpedia.org/resource/!!!
http://dbpedia.org/resource/%21%21%21,direct,dbo:wikiPageWikiLink,http://dbpedia.org/resource/!!!
http://dbpedia.org/resource/%21%21%21,direct,dbo:associatedMusicalArtist,http://dbpedia.org/resource/!!!
http://dbpedia.org/resource/%21%21%21,direct,foaf:primaryTopic,http://dbpedia.org/resource/!!!
http://dbpedia.org/resource/%21%21%21,direct,dbo:wikiPageWikiLink,http://dbpedia.org/resource/!!!
http://dbpedia.org/resource/%21%21%21,direct,dbp:date,2019-08-07 (http://www.w3.org/2001/XMLSchema#date)
http://dbpedia.org/resource/%21%21%21,direct,dbo:recordLabel,http://dbpedia.org/resource/Touch_and_Go_Records
http://dbpedia.org/resource/%21%21%21,direct,dbp:wikiPageUsesTemplate,http://dbpedia.org/resource/Template:IPAc-en
http://dbpedia.org/resource/%21%21%21,direct,dbo:wikiPageWikiLink,http://dbpedia.org/resource/!!!
http://dbpedia.org/resource/%21%21%21,direct,dbo:wikiPageRedirects,http://dbpedia.org/resource/!!!
http://dbpedia.org/resource/%21%21%21,direct,dbp:associatedActs,http://dbpedia.org/resource/!!!
http://dbpedia.org/resource/%21%21%21,direct,dbo:wikiPageWikiLink,http://dbpedia.org/resource/!!!
http://dbpedia.org/resource/%21%21%21,direct,dbp:artist,http://dbpedia.org/resource/!!!
http://dbpedia.org/resource/%21%21%21,direct,dbo:wikiPageWikiLink,http://dbpedia.org/resource/!!!
http://dbpedia.org/resource/%21%21%21,direct,dbo:genre,http://dbpedia.org/resource/Funk_rock
http://dbpedia.org/resource/%21%21%21,direct,dbo:wikiPageWikiLink,http://dbpedia.org/resource/!!!
http://dbpedia.org/resource/%21%21%21,direct,dbp:spinoffOf,http://dbpedia.org/resource/!!!
http://dbpedia.org/resource/%21%21%21,direct,dbo:wikiPageWikiLink,http://dbpedia.org/resource/Wallop_(album)
http://dbpedia.org/resource/%21%21%21,direct,dbo:associatedBand,http://dbpedia.org/resource/!!!
http://dbpedia.org/resource/%21%21%21,direct,dbo:wikiPageID,600744 (http://www.w3.org/2001/XMLSchema#integer)
http://dbpedia.org/resource/%21%21%21,direct,dbo:wikiPageWikiLink,http://dbpedia.org/resource/!!!
http://dbpedia.org/resource/%21%21%21,direct,rdfs:comment,"I !!! (pronunciato Chk Chk Chk) sono un gruppo musicale formatosi nel 1996 a Sacramento, California. I membri del gruppo provengono da altre band locali, come The Yah Mos, Black Liquorice e Popesmashers. La band ha sede anche a New York e a Portland. (@it)"
http://dbpedia.org/resource/%21%21%21,direct,dbo:wikiPageWikiLink,http://dbpedia.org/resource/Orchestral_Manoeuvres_in_the_Dark
http://dbpedia.org/resource/%21%21%21,direct,dbo:wikiPageWikiLink,http://dbpedia.org/resource/!!!
http://dbpedia.org/resource/%21%21%21,direct,dbo:wikiPageWikiLink,http://dbpedia.org/resource/!!!
http://dbpedia.org/resource/%21%21%21,direct,dbo:wikiPageWikiLink,http://dbpedia.org/resource/!!!
http://dbpedia.org/resource/%21%21%21,direct,dbo:wikiPageWikiLink,http://dbpedia.org/resource/Indietronica
http://dbpedia.org/resource/%21%21%21,direct,rdf:type,http://dbpedia.org/class/yago/WikicatMusicalGroupsEstablishedIn1995
http://dbpedia.org/resource/%21%21%21,direct,dbp:wikiPageUsesTemplate,http://dbpedia.org/resource/Template:!
http://dbpedia.org/resource/%21%21%21,direct,rdf:type,http://dbpedia.org/class/yago/Organization108008335
http://dbpedia.org/resource/%21%21%21,direct,dbo:wikiPageWikiLink,http://dbpedia.org/resource/New_York_City
http://dbpedia.org/resource/%21%21%21,direct,rdfs:label,!!! (@pt)
http://dbpedia.org/resource/%21%21%21,direct,dbo:wikiPageExternalLink,http://www.chkchkchk.net/
http://dbpedia.org/resource/%21%21%21,direct,dbo:wikiPageWikiLink,http://dbpedia.org/resource/!!!
http://dbpedia.org/resource/%21%21%21,direct,dbo:wikiPageWikiLink,http://dbpedia.org/resource/!!!
http://dbpedia.org/resource/%21%21%21,direct,dbo:associatedBand,http://dbpedia.org/resource/!!!
http://dbpedia.org/resource/%21%21%21,direct,dbo:wikiPageWikiLink,http://dbpedia.org/resource/!!!
http://dbpedia.org/resource/%21%21%21,direct,owl:sameAs,http://dbpedia.org/resource/!!!
http://dbpedia.org/resource/%21%21%21,direct,dbp:label,http://dbpedia.org/resource/Gold_Standard_Laboratories
http://dbpedia.org/resource/%21%21%21,direct,dbp:label,http://dbpedia.org/resource/Warp_(record_label)
http://dbpedia.org/resource/%21%21%21,direct,dbo:abstract,!!! (Chk Chk Chk) – amerykański zespół indie rockowy założony w Sacramento w 1996 roku. Przy wymawianiu nazwy zespołu w miejscu trzech wykrzykników powinno się trzykrotnie wymówić dowolny jednozgłoskowy dźwięk. (@pl)
http://dbpedia.org/resource/%21%21%21,direct,dbo:wikiPageWikiLink,"http://dbpedia.org/resource/Sacramento,_California"
http://dbpedia.org/resource/%21%21%21,direct,dbo:genre,http://dbpedia.org/resource/Alternative_dance
http://dbpedia.org/resource/%21%21%21,direct,dbo:wikiPageWikiLink,http://dbpedia.org/resource/!!!
http://dbpedia.org/resource/%21%21%21,direct,dbo:wikiPageWikiLink,http://dbpedia.org/resource/!!!
http://dbpedia.org/resource/%21%21%21,direct,dbo:wikiPageWikiLink,http://dbpedia.org/resource/!!!
http://dbpedia.org/resource/%21%21%21,direct,dbo:wikiPageExternalLink,http://pitchfork.com/news/49345-the-new-album-is-called-threr/
http://dbpedia.org/resource/%21%21%21,direct,dbo:wikiPageWikiLink,http://dbpedia.org/resource/!!!
http://dbpedia.org/resource/%21%21%21,direct,owl:sameAs,http://fi.dbpedia.org/resource/!!!
http://dbpedia.org/resource/%21%21%21,direct,dbo:wikiPageWikiLink,http://dbpedia.org/resource/File:Nic_Offer_(!!!).jpg
http://dbpedia.org/resource/%21%21%21,direct,dbo:wikiPageWikiLink,http://dbpedia.org/resource/!!!
http://dbpedia.org/resource/%21%21%21,direct,dbp:genre,http://dbpedia.org/resource/Indietronica
http://dbpedia.org/resource/%21%21%21,direct,dbo:wikiPageRedirects,http://dbpedia.org/resource/!!!
http://dbpedia.org/resource/%21%21%21,direct,dbo:wikiPageWikiLink,http://dbpedia.org/resource/!!!
http://dbpedia.org/resource/%21%21%21,direct,dbo:recordLabel,http://dbpedia.org/resource/Gold_Standard_Laboratories
http://dbpedia.org/resource/%21%21%21,direct,dbo:wikiPageWikiLink,http://dbpedia.org/resource/!!!
http://dbpedia.org/resource/%21%21%21,direct,dbo:wikiPageWikiLink,http://dbpedia.org/resource/!!!
http://dbpedia.org/resource/%21%21%21,direct,dbo:recordLabel,http://dbpedia.org/resource/Warp_(record_label)
http://dbpedia.org/resource/%21%21%21,direct,dbo:wikiPageWikiLink,http://dbpedia.org/resource/Myth_Takes
http://dbpedia.org/resource/%21%21%21,direct,dbo:wikiPageWikiLink,"http://dbpedia.org/resource/Strange_Weather,_Isn't_It%3F"
http://dbpedia.org/resource/%21%21%21,direct,dbo:wikiPageWikiLink,http://dbpedia.org/resource/!!!
http://dbpedia.org/resource/%21%21%21,direct,dbo:abstract,"!!! (uttalas ibland Chk chk chk) är ett amerikanskt indierockband bildat 1996. Bandet är ifrån Sacramento, Kalifornien, USA. (@sv)"
http://dbpedia.org/resource/%21%21%21,direct,dbo:wikiPageWikiLink,http://dbpedia.org/resource/!!!
http://dbpedia.org/resource/%21%21%21,direct,dbo:wikiPageWikiLink,http://dbpedia.org/resource/Out_Hud
http://dbpedia.org/resource/%21%21%21,direct,dbo:wikiPageWikiLink,http://dbpedia.org/resource/!!!
http://dbpedia.org/resource/%21%21%21,direct,rdfs:comment,"!!! é uma banda de indie rock/dance-punk norte-americana fundada em 1995 em Sacramento. O grupo diz-se em inglês tchk tchk tchk, ou outras três sílabas repetidas três vezes, como pow pow pow e uh uh uh. (@pt)"
http://dbpedia.org/resource/%21%21%21,direct,dbp:genre, (@en)
http://dbpedia.org/resource/%21%21%21,direct,dbo:wikiPageWikiLink,http://dbpedia.org/resource/!!!
http://dbpedia.org/resource/%21%21%21,direct,dbp:pastMembers,http://dbpedia.org/resource/Jerry_Fuchs
http://dbpedia.org/resource/%21%21%21,direct,dbp:artist,http://dbpedia.org/resource/!!!
http://dbpedia.org/resource/%21%21%21,direct,dbo:wikiPageWikiLink,http://dbpedia.org/resource/Oricon
http://dbpedia.org/resource/%21%21%21,direct,dbp:associatedActs,http://dbpedia.org/resource/!!!
http://dbpedia.org/resource/%21%21%21,direct,dbp:pastMembers,Allan Wilson (@en)
http://dbpedia.org/resource/%21%21%21,direct,dbo:wikiPageWikiLink,http://dbpedia.org/resource/!!!
http://dbpedia.org/resource/%21%21%21,direct,dbo:genre,http://dbpedia.org/resource/Disco-rock
http://dbpedia.org/resource/%21%21%21,direct,dbo:wikiPageWikiLink,http://dbpedia.org/resource/!!!
http://dbpedia.org/resource/%21%21%21,direct,dbo:wikiPageWikiLink,http://dbpedia.org/resource/!!!
http://dbpedia.org/resource/%21%21%21,direct,dbo:wikiPageWikiLink,http://dbpedia.org/resource/!!!
http://dbpedia.org/resource/%21%21%21,direct,foaf:depiction,http://commons.wikimedia.org/wiki/Special:FilePath/Coachella2004_ChkChkChk.jpg
http://dbpedia.org/resource/%21%21%21,direct,dbo:wikiPageWikiLink,http://dbpedia.org/resource/!!!
http://dbpedia.org/resource/%21%21%21,direct,dbo:formerBandMember,http://dbpedia.org/resource/Jerry_Fuchs
http://dbpedia.org/resource/%21%21%21,direct,dbo:wikiPageExternalLink,http://www.oricon.co.jp/prof/340071/rank/album/
http://dbpedia.org/resource/%21%21%21,direct,rdf:type,http://dbpedia.org/class/yago/MusicalOrganization108246613
